AAs,smp,n,Mean,Stdev,Corrected_delta_15_N
Ala,cyn8,2,14.49707534,0.442942292,15.20598566
Gly,cyn8,2,6.987741052,0.175190286,9.683060926
Thr,cyn8,2,8.325638326,0.164498071,11.57536199
Ser,cyn8,2,0.106616582,0.319262162,2.147814774
Val,cyn8,2,10.58735156,0.36180393,11.01136804
Leu,cyn8,2,5.650651996,0.019066197,6.990876336
Ile,cyn8,2,6.609223736,0.419361783,7.783104681
NLeu,cyn8,2,-0.448106171,0.143256955,NA
Pro,cyn8,2,8.988103258,0.192489356,9.612555981
Asp,cyn8,2,7.814524485,0.076841703,8.488950381
Met,cyn8,2,NA,NA,NA
Glu,cyn8,2,6.809840182,0.109132511,7.731807742
Phe,cyn8,2,6.050248725,0.489433213,6.850231421
Lys,cyn8,2,5.458425269,0.370696856,6.373664357
Arg,cyn8,2,5.32454699,0.16324972,5.748921003
Ala,Fish3,2,28.54527125,0.092465742,29.25418157
Gly,Fish3,2,8.297743951,0.265843623,10.99306382
Thr,Fish3,2,-11.0083223,0.20957638,-7.758598634
Ser,Fish3,2,9.063821407,0.009529587,11.1050196
Val,Fish3,2,26.73037057,0.192603857,27.15438706
Leu,Fish3,2,26.07383424,0.144830702,27.41405858
Ile,Fish3,2,25.97809569,0.446699982,27.15197664
NLeu,Fish3,2,0.463220211,0.457332067,NA
Pro,Fish3,2,24.52289794,0.19139887,25.14735067
Asp,Fish3,2,21.87495587,0.002468819,22.54938176
Met,Fish3,2,12.45320941,0.151785063,13.21204393
Glu,Fish3,2,24.53414565,0.350326156,25.45611321
Phe,Fish3,2,8.362488884,0.131278232,9.16247158
Lys,Fish3,2,10.1042539,0.111296339,11.01949299
Arg,Fish3,2,11.17654524,0.069007998,11.60091925
